{"cameraMode":{"drawMode":0,"name":"Shaded","section":"Shading Mode"},"sceneLighting":true,"audioPlay":false,"sceneViewState":{"showFog":true,"showMaterialUpdate":false,"showSkybox":true,"showFlares":true,"showImageEffects":true,"showParticleSystems":true},"in2DMode":false,"pivot":{"x":4.79549503326416,"y":13.547508239746094,"z":-10.648244857788086},"rotation":{"x":0.46257203817367556,"y":-0.0039899167604744438,"z":0.0020819606725126507,"w":0.8865748643875122},"size":12.084097862243653,"orthographic":false}